{"cameraMode":{"drawMode":0,"name":"Shaded","section":"Shading Mode"},"sceneLighting":true,"audioPlay":false,"sceneViewState":{"m_AlwaysRefresh":false,"showFog":true,"showSkybox":true,"showFlares":true,"showImageEffects":true,"showParticleSystems":true,"showVisualEffectGraphs":true,"m_FxEnabled":true},"in2DMode":false,"pivot":{"x":-0.9447717666625977,"y":2.4864418506622316,"z":-0.10844579339027405},"rotation":{"x":0.01239806693047285,"y":0.7131222486495972,"z":0.012617762200534344,"w":-0.7008212804794312},"size":2.6716063022613527,"orthographic":false}